{
    "uid": "d3b72cab-c306-443e-ab00-3d4128093314",
    "name": "1_DecisionTree",
    "preprocessing": [
        {
            "remove_columns": [
                "min_snow_density:kgm3",
                "min_snow_drift:idx",
                "max_snow_density:kgm3",
                "max_snow_drift:idx"
            ],
            "missing_values": [
                {
                    "fill_method": "na_fill_median",
                    "fill_params": {
                        "delta_forecast": 27.99861111111111,
                        "min_ceiling_height_agl:m": 1820.75,
                        "min_cloud_base_agl:m": 1067.9000244140625,
                        "min_effective_cloud_cover_5h_mean": 77.02500019073486,
                        "min_GHI_lag_-1h": 44.400001525878906,
                        "min_GHI_lag_1h": 44.599998474121094,
                        "min_temp*GHI_lag_-1h": 12536.900390625,
                        "min_temp*GHI_lag_1h": 12586.5009765625,
                        "min_effective_cloud_cover:p_-1h": 68.9000015258789,
                        "min_effective_cloud_cover:p_1h": 68.9000015258789,
                        "min_cloud_base_agl:m_-1h": 1067.5999755859375,
                        "min_cloud_base_agl:m_1h": 1067.300048828125,
                        "max_ceiling_height_agl:m": 2122.85009765625,
                        "max_cloud_base_agl:m": 1241.199951171875,
                        "max_effective_cloud_cover_5h_mean": 80.74000053405761,
                        "max_GHI_lag_-1h": 81.5,
                        "max_GHI_lag_1h": 81.5999984741211,
                        "max_temp*GHI_lag_-1h": 22971.591796875,
                        "max_temp*GHI_lag_1h": 22979.84765625,
                        "max_effective_cloud_cover:p_-1h": 81.19999694824219,
                        "max_effective_cloud_cover:p_1h": 81.19999694824219,
                        "max_cloud_base_agl:m_-1h": 1237.550048828125,
                        "max_cloud_base_agl:m_1h": 1241.0
                    },
                    "datetime_columns": []
                }
            ],
            "categorical": [
                {
                    "convert_method": "categorical_to_int",
                    "convert_params": {
                        "building_id": {
                            "a": 0,
                            "b": 1,
                            "c": 2
                        }
                    },
                    "columns": [
                        "building_id"
                    ]
                }
            ],
            "ml_task": "regression",
            "params": {
                "columns_preprocessing": {
                    "building_id": [
                        "categorical_to_int"
                    ],
                    "delta_forecast": [
                        "na_fill_median"
                    ],
                    "min_ceiling_height_agl:m": [
                        "na_fill_median"
                    ],
                    "min_cloud_base_agl:m": [
                        "na_fill_median"
                    ],
                    "min_snow_density:kgm3": [
                        "remove_column"
                    ],
                    "min_snow_drift:idx": [
                        "remove_column"
                    ],
                    "min_effective_cloud_cover_5h_mean": [
                        "na_fill_median"
                    ],
                    "min_GHI_lag_-1h": [
                        "na_fill_median"
                    ],
                    "min_GHI_lag_1h": [
                        "na_fill_median"
                    ],
                    "min_temp*GHI_lag_-1h": [
                        "na_fill_median"
                    ],
                    "min_temp*GHI_lag_1h": [
                        "na_fill_median"
                    ],
                    "min_effective_cloud_cover:p_-1h": [
                        "na_fill_median"
                    ],
                    "min_effective_cloud_cover:p_1h": [
                        "na_fill_median"
                    ],
                    "min_cloud_base_agl:m_-1h": [
                        "na_fill_median"
                    ],
                    "min_cloud_base_agl:m_1h": [
                        "na_fill_median"
                    ],
                    "max_ceiling_height_agl:m": [
                        "na_fill_median"
                    ],
                    "max_cloud_base_agl:m": [
                        "na_fill_median"
                    ],
                    "max_snow_density:kgm3": [
                        "remove_column"
                    ],
                    "max_snow_drift:idx": [
                        "remove_column"
                    ],
                    "max_effective_cloud_cover_5h_mean": [
                        "na_fill_median"
                    ],
                    "max_GHI_lag_-1h": [
                        "na_fill_median"
                    ],
                    "max_GHI_lag_1h": [
                        "na_fill_median"
                    ],
                    "max_temp*GHI_lag_-1h": [
                        "na_fill_median"
                    ],
                    "max_temp*GHI_lag_1h": [
                        "na_fill_median"
                    ],
                    "max_effective_cloud_cover:p_-1h": [
                        "na_fill_median"
                    ],
                    "max_effective_cloud_cover:p_1h": [
                        "na_fill_median"
                    ],
                    "max_cloud_base_agl:m_-1h": [
                        "na_fill_median"
                    ],
                    "max_cloud_base_agl:m_1h": [
                        "na_fill_median"
                    ]
                },
                "target_preprocessing": [
                    "na_exclude"
                ],
                "ml_task": "regression"
            }
        }
    ],
    "learners": [
        {
            "library_version": "1.3.0",
            "algorithm_name": "Decision Tree",
            "algorithm_short_name": "Decision Tree",
            "uid": "f1d5b155-1172-420c-8fb9-fe445d0b7d6a",
            "params": {
                "model_type": "Decision Tree",
                "ml_task": "regression",
                "n_jobs": -1,
                "seed": 43,
                "criterion": "friedman_mse",
                "max_depth": 4,
                "explain_level": 0
            },
            "name": "learner_fold_0"
        }
    ],
    "params": {
        "additional": {
            "trees_in_step": 1,
            "train_cant_improve_limit": 0,
            "max_steps": 1,
            "max_rows_limit": null,
            "max_cols_limit": null
        },
        "preprocessing": {
            "columns_preprocessing": {
                "building_id": [
                    "categorical_to_int"
                ],
                "delta_forecast": [
                    "na_fill_median"
                ],
                "min_ceiling_height_agl:m": [
                    "na_fill_median"
                ],
                "min_cloud_base_agl:m": [
                    "na_fill_median"
                ],
                "min_snow_density:kgm3": [
                    "remove_column"
                ],
                "min_snow_drift:idx": [
                    "remove_column"
                ],
                "min_effective_cloud_cover_5h_mean": [
                    "na_fill_median"
                ],
                "min_GHI_lag_-1h": [
                    "na_fill_median"
                ],
                "min_GHI_lag_1h": [
                    "na_fill_median"
                ],
                "min_temp*GHI_lag_-1h": [
                    "na_fill_median"
                ],
                "min_temp*GHI_lag_1h": [
                    "na_fill_median"
                ],