{
    "uid": "e033b0c4-3904-4c3d-8c19-3a0f78f35403",
    "name": "2_Default_LightGBM",
    "preprocessing": [
        {
            "remove_columns": [
                "min_snow_density:kgm3",
                "min_snow_drift:idx",
                "max_snow_density:kgm3",
                "max_snow_drift:idx"
            ],
            "missing_values": [
                {
                    "fill_method": "na_fill_median",
                    "fill_params": {
                        "delta_forecast": 27.99861111111111,
                        "min_ceiling_height_agl:m": 1820.75,
                        "min_cloud_base_agl:m": 1067.9000244140625,
                        "min_effective_cloud_cover_5h_mean": 77.02500019073486,
                        "min_GHI_lag_-1h": 44.400001525878906,
                        "min_GHI_lag_1h": 44.599998474121094,
                        "min_temp*GHI_lag_-1h": 12536.900390625,
                        "min_temp*GHI_lag_1h": 12586.5009765625,
                        "min_effective_cloud_cover:p_-1h": 68.9000015258789,
                        "min_effective_cloud_cover:p_1h": 68.9000015258789,
                        "min_cloud_base_agl:m_-1h": 1067.5999755859375,
                        "min_cloud_base_agl:m_1h": 1067.300048828125,
                        "max_ceiling_height_agl:m": 2122.85009765625,
                        "max_cloud_base_agl:m": 1241.199951171875,
                        "max_effective_cloud_cover_5h_mean": 80.74000053405761,
                        "max_GHI_lag_-1h": 81.5,
                        "max_GHI_lag_1h": 81.5999984741211,
                        "max_temp*GHI_lag_-1h": 22971.591796875,
                        "max_temp*GHI_lag_1h": 22979.84765625,
                        "max_effective_cloud_cover:p_-1h": 81.19999694824219,
                        "max_effective_cloud_cover:p_1h": 81.19999694824219,
                        "max_cloud_base_agl:m_-1h": 1237.550048828125,
                        "max_cloud_base_agl:m_1h": 1241.0
                    },
                    "datetime_columns": []
                }
            ],
            "categorical": [
                {
                    "convert_method": "categorical_to_int",
                    "convert_params": {
                        "building_id": {
                            "a": 0,
                            "b": 1,
                            "c": 2
                        }
                    },
                    "columns": [
                        "building_id"
                    ]
                }
            ],
            "ml_task": "regression",
            "params": {
                "columns_preprocessing": {
                    "building_id": [
                        "categorical_to_int"
                    ],
                    "delta_forecast": [
                        "na_fill_median"
                    ],
                    "min_ceiling_height_agl:m": [
                        "na_fill_median"
                    ],
                    "min_cloud_base_agl:m": [
                        "na_fill_median"
                    ],
                    "min_snow_density:kgm3": [
                        "remove_column"
                    ],
                    "min_snow_drift:idx": [
                        "remove_column"
                    ],
                    "min_effective_cloud_cover_5h_mean": [
                        "na_fill_median"
                    ],
                    "min_GHI_lag_-1h": [
                        "na_fill_median"
                    ],
                    "min_GHI_lag_1h": [
                        "na_fill_median"
                    ],
                    "min_temp*GHI_lag_-1h": [
                        "na_fill_median"
                    ],
                    "min_temp*GHI_lag_1h": [
                        "na_fill_median"
                    ],
                    "min_effective_cloud_cover:p_-1h": [
                        "na_fill_median"
                    ],
                    "min_effective_cloud_cover:p_1h": [
                        "na_fill_median"
                    ],
                    "min_cloud_base_agl:m_-1h": [
                        "na_fill_median"
                    ],
                    "min_cloud_base_agl:m_1h": [
                        "na_fill_median"
                    ],
                    "max_ceiling_height_agl:m": [
                        "na_fill_median"
                    ],
                    "max_cloud_base_agl:m": [
                        "na_fill_median"
                    ],
                    "max_snow_density:kgm3": [
                        "remove_column"
                    ],
                    "max_snow_drift:idx": [
                        "remove_column"
                    ],
                    "max_effective_cloud_cover_5h_mean": [
                        "na_fill_median"
                    ],
                    "max_GHI_lag_-1h": [
                        "na_fill_median"
                    ],
                    "max_GHI_lag_1h": [
                        "na_fill_median"
                    ],
                    "max_temp*GHI_lag_-1h": [
                        "na_fill_median"
                    ],
                    "max_temp*GHI_lag_1h": [
                        "na_fill_median"
                    ],
                    "max_effective_cloud_cover:p_-1h": [
                        "na_fill_median"
                    ],
                    "max_effective_cloud_cover:p_1h": [
                        "na_fill_median"
                    ],
                    "max_cloud_base_agl:m_-1h": [
                        "na_fill_median"
                    ],
                    "max_cloud_base_agl:m_1h": [
                        "na_fill_median"
                    ]
                },
                "target_preprocessing": [
                    "na_exclude"
                ],
                "ml_task": "regression"
            }
        }
    ],
    "learners": [
        {
            "library_version": "3.3.5",
            "algorithm_name": "LightGBM",
            "algorithm_short_name": "LightGBM",
            "uid": "04b13b8b-374b-44ac-b816-0b99d80aa9a6",
            "params": {
                "model_type": "LightGBM",
                "ml_task": "regression",
                "n_jobs": -1,
                "objective": "regression",
                "num_leaves": 63,
                "learning_rate": 0.05,
                "feature_fraction": 0.9,
                "bagging_fraction": 0.9,
                "min_data_in_leaf": 10,
                "seed": 2,
                "metric": "l1",
                "custom_eval_metric_name": null,
                "explain_level": 0
            },
            "name": "learner_fold_0"
        }
    ],
    "params": {
        "additional": {
            "max_rounds": 10000,
            "early_stopping_rounds": 50,
            "max_rows_limit": null,
            "max_cols_limit": null
        },
        "preprocessing": {
            "columns_preprocessing": {
                "building_id": [
                    "categorical_to_int"
                ],
                "delta_forecast": [
                    "na_fill_median"
                ],
                "min_ceiling_height_agl:m": [
                    "na_fill_median"
                ],
                "min_cloud_base_agl:m": [
                    "na_fill_median"
                ],
                "min_snow_density:kgm3": [
                    "remove_column"
                ],
                "min_snow_drift:idx": [
                    "remove_column"
                ],
                "min_effective_cloud_cover_5h_mean": [
                    "na_fill_median"
                ],
                "min_GHI_lag_-1h": [
                    "na_fill_median"
                ],
                "min_GHI_lag_1h": [
                    "na_fill_median"
                ],